user_id,gender,age,posts_per_week,messages_sent,likes_given,time_spent_minutes,recommendation_clicks,engagement_score
1,Male,59,5.0,5.0,17.0,248.3888308802062,1,0.3625280306913672
2,Other,24,5.0,13.0,26.0,306.8871947001569,2,0.2540438747645497
3,Female,28,4.0,7.0,,343.3676689459439,2,0.33714576357977444
4,Female,36,6.0,10.0,24.0,349.8938907897127,4,0.9875050500948828
5,Male,31,8.0,12.0,16.0,304.5869937993641,2,0.5748375598331779
6,Male,20,4.0,11.0,15.0,266.39336707513365,4,0.89387640376169
7,Male,43,3.0,10.0,17.0,313.7831598817129,4,0.8790019733350747
8,Female,33,,7.0,16.0,328.3069154356185,1,0.609215645970299
9,Female,29,3.0,5.0,15.0,313.09303296451367,5,0.7653501667684348
10,Female,35,9.0,10.0,18.0,361.70849293956877,1,0.35420160833016984
11,Male,49,5.0,8.0,21.0,249.29193673725163,4,0.7507173639415268
12,Other,66,4.0,,24.0,265.1511991178219,2,0.4179076634106316
13,Female,28,7.0,4.0,17.0,354.7674597199362,4,0.8656496774033207
14,Male,18,8.0,9.0,13.0,226.34900847423683,3,0.266979306487128
15,Male,20,4.0,10.0,17.0,273.03071364592495,4,0.8185109383082221
16,Male,37,4.0,9.0,21.0,263.42298526368194,3,0.27994952525489564
17,Male,30,8.0,10.0,24.0,221.7897549326516,3,0.9049513895154473
18,Female,37,5.0,13.0,17.0,290.6425597679543,3,0.443363614508003
19,Male,24,5.0,12.0,18.0,337.31469299442267,5,0.7235146918644599
20,Male,27,6.0,,20.0,307.8163957760551,5,0.5900018228962238
21,Female,38,7.0,10.0,21.0,339.9801892651039,4,0.4930425162098712
22,Male,53,2.0,12.0,18.0,359.59779838214865,3,0.7163534665467972
23,Male,57,1.0,6.0,17.0,280.718411952724,2,0.9580183844409904
24,Male,38,7.0,12.0,16.0,432.3423011494365,2,0.2330157978996975
25,Female,59,5.0,9.0,17.0,282.72922879680834,4,0.9350822847064835
26,Female,44,4.0,,33.0,289.37344870781544,3,0.6872653240168108
27,Male,22,4.0,12.0,,264.61897315656114,2,0.845851440615242
28,Female,28,3.0,12.0,19.0,327.2694740462337,4,0.5070999627474221
29,Female,19,8.0,,20.0,285.47482905115123,3,0.577474379870091
30,Male,29,7.0,15.0,,296.0553889042502,3,0.8950806014409312
31,Female,35,1.0,8.0,29.0,289.73934968870185,4,0.5318783758478585
32,Male,38,2.0,6.0,19.0,288.6047726386563,5,0.627727653399268
33,Male,33,4.0,,19.0,307.9143014699288,4,0.21615593846746634
34,Other,34,,12.0,,277.4888223481684,3,0.32687840467043383
35,Other,19,4.0,11.0,20.0,279.8352209041454,5,0.7133492063798399
36,Female,26,6.0,7.0,25.0,353.6425745310496,4,0.7735815208511017
37,Male,27,,9.0,19.0,285.32387680592944,3,0.6660807494275995
38,Male,65,7.0,9.0,,319.1776201853562,4,0.31464802902048855
39,Female,19,5.0,9.0,25.0,255.52541297557764,4,0.556324342862268
40,Male,21,2.0,11.0,13.0,277.76549864235636,2,0.48407581309055187
41,Male,63,1.0,12.0,13.0,238.371971875466,5,0.5965290752280707
42,Female,60,7.0,9.0,14.0,392.7216716680914,3,0.8962632276432754
43,Male,20,4.0,12.0,22.0,368.7729838834026,3,0.8206891509269216
44,Other,62,1.0,11.0,18.0,329.77294966393436,3,0.26719160111132717
45,Male,35,6.0,11.0,25.0,407.55513601449144,3,0.9122473582196515
46,Female,41,5.0,8.0,20.0,338.51430256915626,4,0.5774137209198589
47,Male,30,8.0,8.0,16.0,291.4012128175589,2,0.7950897159087988
48,Female,43,5.0,12.0,,318.6259833545835,3,0.31203138501148175
49,Female,42,,7.0,16.0,368.03931777395707,2,0.7365756205656384
50,Male,64,10.0,11.0,16.0,255.9841912496016,3,0.3890608140875664
51,Other,51,7.0,6.0,26.0,241.35911063667191,1,0.5507047177127453
52,Female,47,4.0,12.0,21.0,320.30395833149686,2,0.21349029606568354
53,Other,30,,,23.0,270.6575133225631,1,0.32128851034438083
54,Female,54,5.0,11.0,24.0,187.0049316270762,3,0.27366439449889585
55,Female,51,5.0,10.0,,237.8533326544716,3,0.39179533835060676
56,Other,29,,,26.0,284.42878253232277,2,0.28001447201945784
57,Male,26,2.0,8.0,21.0,302.4094377373951,2,0.7535280212956497
58,Male,43,3.0,10.0,19.0,303.8984549691649,1,0.2232319217673755
59,Male,36,4.0,11.0,28.0,400.25981701177227,4,0.6941924004999984
60,Male,47,9.0,18.0,20.0,289.61873716494534,2,0.31256626466045945
61,Male,56,0.0,10.0,23.0,313.90627447680527,4,0.9561291657423177
62,Male,57,5.0,10.0,25.0,218.7053986312752,3,0.9464752584878835
63,Female,46,5.0,8.0,12.0,298.4432230842362,4,0.3804024820167701
64,Male,15,,14.0,18.0,316.7099471585883,3,0.6915370385784236
65,Male,49,5.0,14.0,,231.2370259509405,1,0.22240425557796675
66,Female,55,4.0,12.0,18.0,253.30040201815217,4,0.9454308344409392
67,Male,52,9.0,12.0,18.0,324.4584316918435,3,0.6183898465533677
68,Female,38,6.0,12.0,,272.6836867844044,3,0.2345785211342232
69,Male,67,2.0,9.0,27.0,294.8729114245013,4,0.4739999944065099
70,Other,35,6.0,13.0,20.0,327.038875947949,4,0.2614795694889874
71,Female,56,6.0,14.0,20.0,401.8436085897908,3,0.514355551498688
72,Male,51,6.0,9.0,23.0,288.9107399460804,4,0.7359410737290586
73,Male,27,,9.0,15.0,388.4599039438722,2,0.5759119264331517
74,Female,68,,17.0,20.0,202.0613169352203,1,0.5069777397755636
75,Female,61,5.0,15.0,21.0,307.41814293409925,4,0.29532563643237186
76,Female,16,3.0,16.0,23.0,283.2955396452385,4,0.3959512365549251
77,Female,41,3.0,6.0,22.0,273.37705079658014,3,0.28011463019068095
78,Male,34,,10.0,20.0,332.9033787778427,2,0.8459989853253287
79,Male,37,6.0,6.0,17.0,289.268966730739,4,0.30819186238777807
80,Male,25,6.0,13.0,15.0,198.75233325533912,5,0.6762986932391148
81,Female,30,4.0,7.0,21.0,220.58153758747088,3,0.4741923308710767
82,Female,45,5.0,,15.0,336.1013479178222,1,0.3807827077241468
83,Male,28,5.0,,24.0,218.13860465379685,3,0.711574751593683
84,Male,57,7.0,12.0,25.0,337.44105905903893,3,0.5656018475015525
85,Male,54,5.0,12.0,12.0,306.23867439555784,1,0.5201163738276473
86,Male,56,3.0,12.0,21.0,291.4857734087099,2,0.6742816039137773
87,Female,14,4.0,9.0,19.0,295.9262913400864,2,0.5930141027920006
88,Female,67,7.0,12.0,18.0,325.7379010090042,3,0.44278736684124864
89,Female,47,5.0,7.0,25.0,241.12570131967794,1,0.6472490302122014
90,Female,54,7.0,5.0,25.0,302.1145546998863,2,0.7355988612405557
91,Male,46,,12.0,25.0,243.02486029593672,2,0.22135452686948343
92,Female,42,7.0,11.0,12.0,308.1822388001434,2,0.5726973831261404
93,Female,67,5.0,9.0,20.0,332.3238393099176,2,0.24614662766683504
94,Female,25,8.0,12.0,18.0,308.29729314061575,4,0.34912433125448883
95,Female,25,4.0,,20.0,330.43010819652943,4,0.6484069872623786
96,Female,30,6.0,8.0,18.0,264.9992582453356,2,0.8929511322124646
97,Female,44,8.0,10.0,34.0,296.89099728397116,4,0.906244543350788
98,Male,44,6.0,10.0,23.0,288.1012093437552,3,0.25595520811090505
99,Male,47,3.0,16.0,22.0,284.82803064315044,4,0.5352840690293653
100,Male,51,8.0,11.0,19.0,259.9679417774056,2,0.6664051864036411
101,Male,58,4.0,7.0,18.0,278.40887252875285,4,0.31765592364027473
102,Female,64,7.0,11.0,20.0,244.36477024967496,2,0.8123457733958175
103,Male,41,2.0,6.0,27.0,215.29226690877098,3,0.795388206749791
104,Female,61,10.0,8.0,18.0,264.964166972962,4,0.9226728109654359
105,Other,41,6.0,8.0,18.0,331.2979824390582,3,0.20678880966675442
106,Male,65,4.0,14.0,20.0,311.703299552784,4,0.37334739519120214
107,Male,56,5.0,3.0,25.0,237.16983978763727,4,0.8617493713962574
108,Female,69,6.0,9.0,14.0,279.6994323309807,3,0.7364640406615484
109,Male,28,4.0,10.0,19.0,334.6232170682164,5,0.9155118829587927
110,Male,68,5.0,11.0,10.0,277.575431510645,1,0.24574372362421323
111,Male,56,6.0,9.0,18.0,229.1116903435547,5,0.6775711725731544
112,Male,59,3.0,12.0,23.0,412.88142732071714,3,0.6552372599149394
113,Other,69,7.0,8.0,16.0,291.6520584673525,3,0.2285395330884259
114,Female,22,7.0,5.0,25.0,241.82105500004917,3,0.6108176615299868
115,Female,42,8.0,9.0,29.0,308.56317629100965,3,0.6876162490479394
116,Female,37,4.0,14.0,17.0,295.71983338436326,3,0.35303453936168583
117,Female,51,7.0,10.0,14.0,222.92609475428162,2,0.41866366649973036
118,Male,32,3.0,12.0,15.0,304.66844304015825,2,0.7122778770381897
119,Female,17,4.0,14.0,21.0,349.1867755697823,4,0.5746407580799666
120,Female,13,4.0,9.0,8.0,288.35448962548776,3,0.8864109260546615
121,Female,42,0.0,10.0,17.0,196.99007263916502,4,0.4739054128073507
122,Female,61,1.0,11.0,19.0,317.0960805294652,5,0.41332772671056095
123,Male,15,1.0,10.0,20.0,330.1450022624077,3,0.9878927522758743
124,Male,57,7.0,8.0,17.0,270.6793961586044,3,0.9289086161040667
125,Male,26,5.0,,21.0,271.0469199330388,3,0.2231941959991839
126,Male,68,5.0,7.0,19.0,412.89281501288235,2,0.8165828922452527
127,Female,42,8.0,7.0,20.0,267.08928505789487,4,0.2882678190601624
128,Female,62,,7.0,,243.9059516832874,4,0.22198815586349677
129,Male,16,5.0,11.0,23.0,301.25570420130055,5,0.41895641277307916
130,Female,30,3.0,20.0,22.0,328.74211628852,2,0.41547670324888347
131,Male,49,,8.0,19.0,326.6216864355158,3,0.8554550098775717
132,Male,37,1.0,15.0,24.0,176.59661228471523,3,0.7685337967542683
133,Male,60,7.0,10.0,19.0,266.9634247055514,2,0.9852875418656115
134,Male,13,2.0,9.0,13.0,357.644402256437,3,0.7692103202494549
135,Other,65,4.0,3.0,20.0,316.3344732670853,3,0.5346044426048384
136,Male,58,6.0,10.0,21.0,238.2104294246787,3,0.7591421287561735
137,Female,27,,15.0,19.0,362.12046539481025,3,0.9995672537491218
138,Female,21,9.0,13.0,26.0,348.24488595530886,3,0.7681135060500226
139,Male,27,4.0,9.0,15.0,285.16991959885644,4,0.8093450847842547
140,Other,61,1.0,9.0,19.0,343.97335934055684,4,0.9506920121522076
141,Other,69,,10.0,21.0,399.987791597901,4,0.2909210090493467
142,Male,36,6.0,9.0,20.0,247.28099023772918,3,0.7638274347581815
143,Female,16,3.0,10.0,26.0,327.77230911014647,2,0.8806447663739592
144,Male,24,4.0,14.0,34.0,399.29723880440037,3,0.9635028801767145
145,Male,49,2.0,7.0,31.0,332.65147766477645,4,0.3687754317693595
146,Male,49,,13.0,,262.2808570317849,2,0.6031432061793953
147,Female,55,8.0,13.0,19.0,311.94566202206937,2,0.7444438781155855
148,Female,18,7.0,10.0,21.0,368.4941629976181,2,0.39797418360106995
149,Male,51,2.0,9.0,25.0,249.21167665379195,3,0.6803782906002193
150,Male,68,6.0,3.0,18.0,298.4951646354734,2,0.4060630259983995
151,Other,58,9.0,7.0,27.0,287.8258589109134,5,0.46676561642531783
152,Male,36,3.0,6.0,25.0,268.4294181622935,4,0.5532149572086921
153,Male,23,8.0,9.0,21.0,312.0777434238198,4,0.6233520789972535
154,Female,25,7.0,12.0,17.0,294.96413729720115,2,0.5594926973001205
155,Other,46,6.0,13.0,22.0,332.16750897848755,5,0.5945564158303434
156,Male,37,10.0,8.0,23.0,357.0484747128216,3,0.43887100503063414
157,Female,19,,6.0,21.0,236.3584789773027,3,0.3271720752181045
158,Female,64,5.0,11.0,20.0,303.3765531990245,4,0.23787998186147155
159,Male,16,5.0,10.0,,297.34369306227717,2,0.3567829779933342
160,Female,20,5.0,6.0,27.0,310.1707336694791,4,0.6655549132046265
161,Male,32,4.0,6.0,16.0,299.22645776164774,3,0.8288923582425058
162,Female,41,10.0,4.0,26.0,250.9668543884983,2,0.33539807795431564
163,Female,66,3.0,10.0,24.0,372.7374767685294,5,0.2868442862181188
164,Female,65,,,18.0,394.03805731013244,3,0.7994322884394003
165,Male,63,6.0,8.0,20.0,327.3444851725842,2,0.4441266644298318
166,Female,57,4.0,10.0,26.0,329.90508898805774,1,0.9611995513818821
167,Male,58,4.0,11.0,,306.5524581980587,2,0.7714543764882984
168,Male,22,8.0,15.0,17.0,348.4601610889501,4,0.4614048377944247
169,Male,55,5.0,12.0,22.0,177.84273473846343,3,0.43163419823496396
170,Female,46,4.0,7.0,20.0,299.80688606040695,5,0.6189587090170472
171,Female,69,7.0,7.0,,271.3686498652244,4,0.2633157346225676
172,Male,38,4.0,,23.0,307.29090490106444,4,0.2941412101162392
173,Female,53,2.0,7.0,,354.6313782586554,4,0.34068630505295405
174,Male,61,2.0,8.0,31.0,300.95170881080384,2,0.8197788746436483
175,Female,15,3.0,8.0,17.0,281.97538306646646,3,0.611085887415298
176,Male,68,3.0,9.0,27.0,229.83644851297763,3,0.20845369821955437
177,Female,18,8.0,12.0,29.0,294.5361743890805,3,0.7388132219776873
178,Male,17,,15.0,21.0,333.61388484553396,3,0.5389521429283977
179,Other,17,0.0,,29.0,257.9455936494016,1,0.6086818919710384
180,Male,66,8.0,7.0,20.0,199.83300714952793,4,0.3712929947303485
181,Male,59,5.0,9.0,21.0,413.7120075605681,3,0.6414257827152829
182,Male,35,4.0,7.0,19.0,316.7587742050348,3,0.983322591801191
183,Other,61,5.0,13.0,,288.92132057045205,5,0.25875575280460916
184,Female,21,7.0,,16.0,369.54974026021864,3,0.4271339197315445
185,Male,47,6.0,15.0,16.0,307.0739670741902,2,0.39439807428866386
186,Female,32,3.0,9.0,15.0,366.6015905815617,4,0.39883944860094367
187,Female,61,4.0,9.0,21.0,362.31806079386115,5,0.5029650860523018
188,Female,54,2.0,7.0,,236.27395630574347,4,0.854487827795334
189,Female,47,4.0,13.0,30.0,322.99973082065276,2,0.93028695197151
190,Male,62,1.0,11.0,23.0,386.26428284846725,2,0.3617720699671787
191,Male,30,9.0,5.0,17.0,250.06746548260963,3,0.6343599503584902
192,Female,29,3.0,14.0,,250.6812703973829,3,0.7095191777323844
193,Other,36,1.0,8.0,,259.1399465248993,2,0.617461979491076
194,Female,15,5.0,12.0,20.0,344.52092927451037,2,0.5472611153575357
195,Male,44,,5.0,18.0,314.2192856431797,2,0.35358040468739027
196,Male,47,6.0,6.0,19.0,203.21138345801873,2,0.5905754873593909
197,Female,50,5.0,9.0,21.0,317.04730617584664,3,0.5209718621690631
198,Female,25,8.0,7.0,20.0,287.4042533564421,3,0.8364506900018158
199,Female,68,5.0,10.0,14.0,294.38620656749157,2,0.8108834873303963
200,Female,59,7.0,,15.0,258.14899517794424,1,0.3071989449645366
201,Female,37,4.0,11.0,16.0,317.41291107570663,5,0.2708152420504541
202,Male,21,1.0,9.0,16.0,352.5229140153479,5,0.9265231545820025
203,Male,16,5.0,7.0,26.0,267.90168163337603,1,0.6284067111715982
204,Female,26,,11.0,19.0,215.8771984531541,4,0.8862407498260725
205,Female,49,3.0,10.0,19.0,284.84428392416424,2,0.24652089645312092
206,Male,46,2.0,6.0,22.0,337.81433643011144,3,0.6212124932173042
207,Male,23,,12.0,25.0,278.94848270687527,4,0.6315412116609891
208,Female,53,5.0,,21.0,225.12255194199196,4,0.8885616260337199
209,Male,68,10.0,15.0,16.0,338.16214244596904,4,0.27808799858376604
210,Male,15,6.0,7.0,20.0,370.76740734991563,4,0.39235645094072746
211,Female,40,1.0,11.0,15.0,301.0007775055462,3,0.5252306511096105
212,Female,41,6.0,11.0,24.0,219.7104570009201,2,0.8926731803359538
213,Female,21,2.0,10.0,20.0,284.1084728990228,1,0.9511066520564537
214,Male,15,4.0,13.0,21.0,307.5769440412635,3,0.9941796956749023
215,Female,37,5.0,12.0,26.0,259.5143346374137,3,0.9673547891668173
216,Male,46,,8.0,21.0,329.1686115635707,3,0.20475340467548353
217,Male,24,4.0,7.0,22.0,254.62694425501005,3,0.23816667316309764
218,Female,54,2.0,10.0,22.0,301.2813836201013,3,0.31808545532607096
219,Female,21,1.0,11.0,23.0,288.58389578308186,5,0.47908967741621855
220,Female,27,8.0,11.0,23.0,330.7927399075043,5,0.8639344247895671
221,Female,52,8.0,7.0,19.0,299.2865411202721,4,0.9141249562683844
222,Female,37,4.0,,16.0,290.175414996037,4,0.34946752503566647
223,Male,17,1.0,4.0,22.0,259.85673798830356,2,0.695731321295767
224,Male,23,,18.0,18.0,301.73845072966344,4,0.9338895880522213
225,Male,46,4.0,8.0,21.0,286.9896249320529,2,0.5709853887450567
226,Male,36,2.0,12.0,23.0,256.4734871885996,1,0.2828348575622272
227,Other,27,4.0,15.0,,307.9745512209217,1,0.5662509200677
228,Male,50,3.0,7.0,,318.1985670028049,1,0.5006359218304458
229,Female,20,8.0,13.0,20.0,283.0796388971592,4,0.6621263968528056
230,Female,17,9.0,16.0,23.0,346.5784615531878,3,0.5509269475256829
231,Female,60,4.0,7.0,12.0,313.19871547180793,4,0.21387674148297436
232,Female,38,4.0,9.0,18.0,235.80730565706807,2,0.995198186730937
233,Female,30,5.0,6.0,18.0,366.8696997456841,2,0.6348321901844567
234,Female,18,11.0,10.0,14.0,338.34939656900184,2,0.5789046043876876
235,Male,49,8.0,9.0,18.0,350.09156056307654,3,0.9636938972032432
236,Female,60,6.0,12.0,18.0,320.02514784313854,2,0.3246882940696617
237,Male,25,,7.0,13.0,183.11364297364895,4,0.3513900820361986
238,Male,40,8.0,13.0,25.0,354.6309295628413,5,0.8464117992502269
239,Female,17,7.0,8.0,13.0,303.0393841659992,2,0.408664864020007
240,Male,25,6.0,8.0,18.0,317.6609590915398,3,0.8393816850332216
241,Other,29,,12.0,21.0,327.01920238868325,0,0.41722678632680205
242,Other,62,3.0,5.0,,396.8138556322282,4,0.2265501041800012
243,Other,52,5.0,6.0,25.0,272.6888157766947,2,0.6136117791093728
244,Male,57,3.0,6.0,21.0,273.97985048802747,3,0.35734914730148915
245,Male,44,3.0,16.0,23.0,257.4482739145216,2,0.8062770343459769
246,Other,41,7.0,9.0,19.0,246.50287243024414,2,0.7129597065857185
247,Male,63,4.0,9.0,14.0,247.42343832076523,1,0.9388821343823344
248,Other,15,,7.0,20.0,207.41176268647908,4,0.8263906858125887
249,Other,68,6.0,,20.0,321.3327905296238,1,0.34462076387258145
250,Female,52,6.0,8.0,14.0,399.39032823810425,4,0.840126589331837
251,Male,46,,4.0,16.0,402.578716091011,4,0.7133896358512186
252,Male,52,4.0,9.0,32.0,257.38159379789994,3,0.7351613134085
253,Female,39,6.0,7.0,26.0,286.39228111803806,2,0.8658103087761191
254,Male,25,6.0,4.0,20.0,361.6671090225398,3,0.6590592553511523
255,Male,57,6.0,6.0,20.0,321.6173482103892,2,0.5728028114824104
256,Female,45,6.0,13.0,17.0,306.7257835797308,2,0.7093128282869825
257,Other,18,3.0,10.0,25.0,287.16327105787155,4,0.4383659431666873
258,Female,36,5.0,10.0,18.0,358.91507224716054,1,0.3460777048696795
259,Female,31,2.0,8.0,24.0,246.3474520646767,5,0.6932702704569971
260,Male,28,,7.0,21.0,324.0437532722983,2,0.3870786952683822
261,Female,52,3.0,,18.0,317.2466921261306,4,0.2639320874772854
262,Other,40,3.0,10.0,,302.1685978341675,3,0.20044334766820315
263,Male,45,5.0,6.0,33.0,339.3864828716793,3,0.6866555211200538
264,Female,60,11.0,10.0,,301.6868647466401,4,0.4897190267841895
265,Female,53,7.0,9.0,18.0,273.27362050312763,3,0.8018487765387647
266,Female,25,,11.0,22.0,304.6255654491071,4,0.500141118650482
267,Female,55,4.0,,17.0,220.39481651810866,4,0.5888027585905814
268,Female,57,1.0,13.0,17.0,330.63573655982833,4,0.5256679782523079
269,Male,37,4.0,,21.0,343.41146267497874,3,0.720459832887477
270,Male,65,5.0,12.0,28.0,267.1692734276922,2,0.4849113296119746
271,Female,54,4.0,9.0,12.0,255.27443891908632,3,0.9710141199538471
272,Female,48,,12.0,21.0,269.01241716644597,2,0.9489175892788242
273,Female,39,7.0,21.0,23.0,296.84885113100546,3,0.8784223221258252
274,Other,50,6.0,11.0,17.0,310.7942979017799,2,0.9362402164581984
275,Female,19,,,13.0,380.77459719450405,3,0.5593117507675128
276,Female,17,4.0,13.0,18.0,374.45455080555774,3,0.6291443174315937
277,Female,55,3.0,7.0,,341.5771332536267,2,0.7936740740465955
278,Female,57,0.0,9.0,16.0,306.0630331174592,5,0.756916739950833
279,Female,69,4.0,12.0,17.0,253.6537956950196,2,0.9125428764843766
280,Female,63,1.0,5.0,21.0,383.9818616710631,2,0.7730648218053562
281,Female,43,4.0,11.0,22.0,287.61789346588455,4,0.9983077665827684
282,Male,35,3.0,12.0,19.0,314.0687066967626,2,0.47880463986527283
283,Male,54,,9.0,19.0,331.3676194272183,5,0.8663981937915344
284,Male,22,,8.0,16.0,303.07979276863387,4,0.7581078582661314
285,Female,44,6.0,14.0,22.0,357.5548672724411,5,0.7531091561720149
286,Male,55,4.0,12.0,26.0,322.76959720512593,2,0.46066847587599913
287,Female,65,4.0,7.0,12.0,349.4319261069631,2,0.8284814339384181
288,Female,42,5.0,11.0,20.0,322.3672779653169,2,0.9203008178780794
289,Male,51,1.0,13.0,17.0,298.10501688907175,5,0.3748387692164504
290,Female,43,9.0,,21.0,303.70928057610826,3,0.7003974696933633
291,Male,30,7.0,7.0,16.0,296.8879760837999,2,0.5137078632822202
292,Male,48,5.0,7.0,19.0,235.7857090785275,4,0.9916384954359017
293,Female,14,4.0,8.0,18.0,249.95902695081915,3,0.5830662526653453
294,Male,26,5.0,10.0,24.0,337.0273767911841,4,0.3826561390375542
295,Male,25,4.0,8.0,,237.03143625170185,4,0.505486100177466
296,Female,41,,11.0,22.0,279.78883548124065,3,0.7230707118533011
297,Female,24,3.0,8.0,17.0,247.4948215266666,3,0.26087149707966106
298,Male,51,7.0,10.0,22.0,277.11405259805906,4,0.6828815361769901
299,Female,14,6.0,12.0,,292.23653479481203,4,0.9449798073431184
300,Male,44,10.0,9.0,24.0,279.6883120816762,4,0.8802902301262805
301,Male,25,4.0,13.0,26.0,228.58177863749637,4,0.2541388293263867
302,Female,58,5.0,10.0,23.0,290.7234748826768,4,0.9947119029912546
303,Female,39,6.0,11.0,25.0,252.05519192760516,3,0.7589815389631034
304,Female,61,6.0,9.0,20.0,268.17213951369496,3,0.32982465945121897
305,Female,53,8.0,10.0,18.0,337.0260076649997,3,0.2099328713355388
306,Other,29,4.0,10.0,15.0,347.7696498228679,2,0.3370261090337211
307,Female,52,,11.0,21.0,234.4514582138555,2,0.8705407365485909
308,Male,43,3.0,10.0,15.0,378.43329485390734,4,0.217311459956131
309,Female,46,,,29.0,274.4956711640511,5,0.3865178428944693
310,Male,36,7.0,10.0,22.0,269.9494939684054,2,0.8058444762679005
311,Male,57,,6.0,19.0,255.41726063296096,4,0.6688884287185082
312,Male,47,2.0,9.0,23.0,302.7956037493268,4,0.8261885682881536
313,Male,60,,13.0,21.0,399.0775125024468,5,0.7969204030614303
314,Other,18,6.0,13.0,21.0,223.01702905235558,3,0.2404811096974438
315,Female,31,9.0,5.0,18.0,197.15568682892126,3,0.9140091352753212
316,Female,42,11.0,9.0,16.0,313.42552628735444,1,0.381625467425815
317,Male,19,4.0,12.0,22.0,328.4669586462649,2,0.642713952183811
318,Male,22,7.0,,,302.63361049076093,3,0.7154305252222231
319,Male,53,7.0,7.0,20.0,329.7899737708166,3,0.33490256870807633
320,Male,44,3.0,9.0,,243.43695033049804,4,0.9809850053607796
321,Female,46,7.0,6.0,23.0,252.75651138521226,4,0.5905247648698473
322,Female,40,5.0,14.0,21.0,306.1978966252948,4,0.24611415647791476
323,Female,27,2.0,8.0,14.0,387.9034680364412,4,0.9498096358222723
324,Male,42,9.0,5.0,17.0,328.03403300450253,4,0.6690142745546145
325,Other,49,6.0,12.0,30.0,330.36019948721224,4,0.7593545583851011
326,Female,41,3.0,9.0,26.0,246.31617522163748,4,0.6201406319473792
327,Female,34,6.0,17.0,18.0,321.1202541415961,1,0.867790363821574
328,Female,16,3.0,,28.0,240.89253755991012,3,0.22650676975456874
329,Male,32,2.0,10.0,28.0,388.38786789801054,1,0.41470269222171824
330,Male,44,8.0,7.0,,249.40363453183133,3,0.5757186851221539
331,Male,48,4.0,7.0,20.0,260.17596907508187,3,0.2612828930509681
332,Female,62,5.0,9.0,21.0,226.34621784676932,4,0.7647253354613266
333,Male,16,4.0,9.0,20.0,304.29081597781976,4,0.5149307312445126
334,Male,39,3.0,11.0,23.0,302.18958239315543,4,0.41813439221451526
335,Male,29,4.0,6.0,29.0,375.6620540588356,1,0.20270307744672983
336,Male,24,3.0,7.0,24.0,338.8207459319215,1,0.775864249399963
337,Female,34,11.0,8.0,23.0,260.4616643372475,5,0.8670474470982894
338,Female,29,6.0,6.0,23.0,343.6697768208642,4,0.5160324285451987
339,Female,22,5.0,11.0,18.0,237.8242163837954,3,0.6513743816266924
340,Male,66,,7.0,15.0,264.08234805846786,4,0.38214930074367875
341,Female,13,5.0,9.0,14.0,305.922977436961,3,0.6977581170241065
342,Female,34,3.0,7.0,18.0,243.4056810733701,4,0.20970996665216043
343,Male,38,6.0,,,353.2329425204071,3,0.5909151176790068
344,Male,68,4.0,12.0,23.0,413.9656417424011,4,0.7153643854725538
345,Male,30,5.0,14.0,13.0,285.27389545936813,3,0.9345534185837872
346,Female,62,3.0,13.0,,267.41565406543987,4,0.5050686536978275
347,Female,26,7.0,6.0,13.0,293.52051946629774,3,0.8121521623848238
348,Male,59,3.0,15.0,18.0,272.13138357439976,1,0.6781496239548006
349,Male,41,6.0,7.0,20.0,313.08652190969417,4,0.9416096903400646
350,Female,24,7.0,10.0,27.0,233.8797759648587,2,0.5187021405275445
351,Female,48,1.0,8.0,9.0,315.9253199300687,2,0.45527627189839043
352,Female,47,6.0,12.0,20.0,395.59616192849126,1,0.9097135989553151
353,Female,64,4.0,11.0,17.0,199.89287233797245,2,0.23939552112663132
354,Male,24,2.0,17.0,18.0,241.56762850298443,3,0.30910831434694147
355,Male,19,2.0,16.0,22.0,277.74713280563736,2,0.2659235476672356
356,Female,41,5.0,13.0,18.0,327.0946410237953,5,0.8744879652611222
357,Male,23,5.0,10.0,21.0,344.5191047882524,3,0.20848593869625553
358,Female,45,3.0,7.0,24.0,340.4967246250418,1,0.8893257243976385
359,Other,18,,6.0,,215.41490887025026,2,0.5610142362970134
360,Female,59,11.0,16.0,17.0,266.28270867018506,1,0.2032202230831766
361,Male,27,2.0,10.0,18.0,254.9841545940958,2,0.5213161417696335
362,Female,44,6.0,8.0,20.0,296.74005578250876,2,0.3494406728360285
363,Female,63,5.0,8.0,22.0,300.91400428794105,2,0.6995203899777305
364,Female,23,3.0,20.0,16.0,231.53864432647111,2,0.7434870319373172
365,Other,35,4.0,,19.0,278.02228224571195,3,0.590022056324
366,Male,38,10.0,8.0,20.0,329.0259272797852,1,0.232415620351736
367,Other,46,,,19.0,268.58345827052244,2,0.7249030434937616
368,Other,58,8.0,12.0,,289.98833323049865,2,0.873631026884417
369,Male,46,3.0,16.0,22.0,384.844490979032,3,0.7762594218611212
370,Male,41,5.0,14.0,19.0,399.5014756759588,4,0.8639663351642548
371,Male,16,4.0,9.0,,191.93194536873204,5,0.36040761884071
372,Male,29,11.0,9.0,,305.694878599924,1,0.9111103517251862
373,Male,47,3.0,13.0,22.0,445.8516385604328,3,0.4577547605183703
374,Female,25,4.0,8.0,15.0,323.9423433916288,4,0.21072385140159283
375,Male,53,3.0,15.0,27.0,300.9245029473578,4,0.8747133170632566
376,Male,51,3.0,,29.0,365.6344089224824,2,0.9534570151717814
377,Female,27,8.0,12.0,24.0,310.9046403230833,2,0.724446557933879
378,Male,67,1.0,,22.0,335.45685727556685,2,0.38514930437073974
379,Female,41,5.0,9.0,,289.4847752503979,3,0.40139557142602433
380,Male,41,7.0,,,310.17551802074587,3,0.5732742987484956
381,Male,23,3.0,9.0,21.0,321.33153450211,4,0.9182648636811357
382,Female,64,,12.0,19.0,343.27793828369926,5,0.3196781249180467
383,Female,44,5.0,11.0,15.0,278.41396589552903,2,0.8607789356667896
384,Female,14,7.0,13.0,22.0,277.0550456104561,4,0.4330422469641203
385,Female,59,5.0,14.0,18.0,203.6258786232953,3,0.8468689355432784
386,Female,26,7.0,15.0,24.0,280.6424472075088,3,0.936216958081231
387,Male,32,5.0,8.0,20.0,347.6517682548879,3,0.5419950975954562
388,Male,34,4.0,9.0,16.0,323.1612228000067,1,0.4920405232844247
389,Female,23,5.0,8.0,21.0,250.16240487971172,5,0.8417770551770414
390,Female,39,11.0,6.0,27.0,204.80687624379,2,0.6235863059035152
391,Other,15,7.0,4.0,21.0,292.8789632456217,5,0.7475592387705576
392,Male,29,6.0,7.0,22.0,346.1888926321989,5,0.6982633895689436
393,Male,56,,10.0,22.0,276.05508340950917,3,0.32231107651583707
394,Female,68,0.0,13.0,15.0,227.75387479271006,5,0.8758322882316494
395,Male,40,10.0,10.0,22.0,270.52464138476927,2,0.35662008913050897
396,Other,41,5.0,8.0,17.0,316.30794319578814,3,0.9458257152566247
397,Female,33,5.0,11.0,18.0,362.12186432628454,5,0.4004570331377183
398,Male,59,3.0,,29.0,287.1652485937806,5,0.7871047786189935
399,Female,28,,9.0,18.0,352.7446206275873,3,0.42772431479487366
400,Female,49,2.0,7.0,27.0,347.2021074074542,2,0.4542283268694911
401,Male,32,2.0,14.0,16.0,241.16674213072565,3,0.44800148222584424
402,Other,18,7.0,5.0,18.0,362.53540591345757,3,0.7983138032208668
403,Female,31,3.0,,23.0,314.75563835385714,2,0.6454520943755144
404,Female,69,1.0,6.0,16.0,239.66584731278905,3,0.9063619646779977
405,Male,17,3.0,14.0,22.0,388.0415669968867,4,0.4458981753632359
406,Female,15,7.0,11.0,19.0,293.72122060349585,3,0.7535940176453955
407,Male,13,5.0,14.0,19.0,202.82784238445413,3,0.8023588797304886
408,Male,50,5.0,12.0,27.0,264.68668260479456,2,0.32118569042396655
409,Other,27,4.0,7.0,19.0,252.37728791423868,3,0.520471485855849
410,Male,46,5.0,9.0,29.0,265.9130032942566,1,0.586253995480329
411,Male,47,5.0,10.0,19.0,277.74072939208764,4,0.48454991191549945
412,Other,61,3.0,,21.0,287.1305366857535,1,0.4576900767753105
413,Other,37,3.0,,,285.2498645741432,3,0.7491359151981136
414,Female,36,6.0,8.0,20.0,295.12573870114704,3,0.37269311812759087
415,Female,24,6.0,9.0,,329.36966932087773,4,0.7675125962009031
416,Male,30,4.0,5.0,17.0,262.6781820386359,3,0.9480353571125846
417,Male,27,9.0,7.0,26.0,359.0500265501973,2,0.652158016942201
418,Male,56,6.0,9.0,19.0,238.74082507141628,2,0.6891473893915793
419,Female,28,5.0,11.0,24.0,330.75594279127125,5,0.2551461616992713
420,Female,39,5.0,9.0,18.0,382.1635663842967,3,0.8915815228942627
421,Female,20,,7.0,25.0,291.13217256800453,4,0.42835822975989246
422,Female,58,10.0,14.0,27.0,309.67326854941194,0,0.6920409324228519
423,Male,37,6.0,9.0,30.0,251.6013804812264,2,0.9832897357958419
424,Female,29,2.0,,18.0,274.41091379374865,5,0.6764020804582462
425,Male,41,4.0,10.0,17.0,378.3839268607327,2,0.7797675899715022
426,Female,65,3.0,6.0,,337.4241147191821,1,0.5562556945790016
427,Male,20,2.0,6.0,,320.9272160046986,3,0.2482926748120459
428,Female,27,5.0,7.0,27.0,203.10127263917263,2,0.8380794795918309
429,Male,39,6.0,8.0,16.0,264.17635494667076,3,0.22799907301118855
430,Male,58,5.0,12.0,17.0,386.9495905163426,3,0.7605262631102834
431,Male,62,10.0,6.0,13.0,320.54159815620756,3,0.21833725851970956
432,Female,64,,13.0,14.0,326.77976984220237,4,0.8898441892613365
433,Female,19,5.0,,17.0,308.5277576973053,3,0.32610882866638446
434,Male,15,4.0,11.0,21.0,269.3505255533227,4,0.6114171963540409
435,Male,41,4.0,5.0,24.0,316.62707952282216,2,0.6777205635865179
436,Female,56,3.0,7.0,16.0,223.48929270887453,3,0.5660363258987298
437,Male,65,6.0,11.0,18.0,219.7272650480461,3,0.4726107914791098
438,Female,36,4.0,11.0,23.0,263.23626403112223,2,0.5742514369447773
439,Female,15,2.0,13.0,17.0,309.60821180166323,3,0.449132603104927
440,Male,32,9.0,7.0,23.0,221.51634374857633,3,0.5504978776646905
441,Male,58,5.0,10.0,,306.352134600745,1,0.4871303927984245
442,Other,27,9.0,10.0,16.0,250.27203768342645,2,0.6529638588057163
443,Male,37,5.0,8.0,15.0,257.00872646060526,4,0.3903393297959868
444,Male,42,5.0,9.0,,364.9794238832603,3,0.99092524393121
445,Female,26,1.0,14.0,14.0,301.8647039910331,1,0.6006959627057324
446,Other,19,5.0,10.0,12.0,254.8097310782226,3,0.35532966193160775
447,Other,29,8.0,13.0,20.0,309.3416736380476,3,0.581653399653818
448,Female,56,6.0,9.0,24.0,226.51908479968546,4,0.8931321036198594
449,Male,32,2.0,12.0,19.0,319.11651638999433,4,0.21744543449951648
450,Male,48,5.0,7.0,30.0,355.3659093257967,2,0.7436432952858312
451,Female,21,5.0,8.0,,333.0864367510799,2,0.6383742374351424
452,Female,50,4.0,12.0,,407.8857152218984,1,0.3356463954961084
453,Male,60,6.0,9.0,14.0,203.08044693688925,2,0.8539811514439366
454,Other,69,5.0,4.0,23.0,306.3484540039894,4,0.49510769789920456
455,Male,34,6.0,11.0,21.0,232.824963508774,5,0.43504162305240596
456,Female,66,5.0,9.0,19.0,291.33892843241176,1,0.8625001534855208
457,Male,65,4.0,10.0,15.0,300.0771984206126,3,0.7108200369533317
458,Female,65,7.0,5.0,26.0,413.9922741487257,4,0.9186072669398595
459,Male,14,,5.0,14.0,297.01114448038334,2,0.7039069629369596
460,Male,36,7.0,7.0,26.0,296.0784889857675,3,0.7926541263456923
461,Male,20,6.0,,,350.25795533450446,4,0.8691567170076904
462,Female,23,4.0,8.0,14.0,297.35891302362114,2,0.24379170872794953
463,Female,25,,10.0,28.0,391.55735376273157,0,0.8208391670955042
464,Female,29,,12.0,,333.48422446582526,4,0.6909651854796615
465,Other,20,3.0,,19.0,341.4251539910008,2,0.2556062372121546
466,Male,33,5.0,6.0,18.0,206.62180317806218,3,0.6068623374949721
467,Male,30,10.0,6.0,23.0,399.2606409418276,3,0.26596646238716315
468,Female,42,6.0,8.0,,267.17705398489693,1,0.7887577613785779
469,Male,30,4.0,7.0,19.0,299.5134916245828,1,0.6372013711183064
470,Other,58,3.0,8.0,19.0,267.36480474323264,4,0.962858829929838
471,Male,59,3.0,14.0,19.0,248.7874344686063,4,0.3465082972574159
472,Other,43,5.0,12.0,16.0,239.891581641283,4,0.6848267620163028
473,Male,50,2.0,10.0,24.0,305.1620829349543,3,0.3692657076563931
474,Female,44,6.0,12.0,23.0,201.5051603279701,5,0.6912519877819188
475,Female,23,2.0,3.0,20.0,287.8598856344025,3,0.7781197618886853
476,Other,57,5.0,12.0,19.0,352.88843236511184,5,0.7778434634636309
477,Male,37,2.0,9.0,15.0,331.5971118871092,3,0.8520591925460879
478,Female,45,6.0,10.0,21.0,321.62176938280305,5,0.8828401823666534
479,Other,50,3.0,10.0,16.0,255.23077289042206,2,0.26181738101374163
480,Female,53,5.0,7.0,23.0,220.69524038405444,4,0.47461372565792326
481,Female,20,2.0,14.0,21.0,352.08970595107974,4,0.7496980162878446
482,Female,23,6.0,13.0,19.0,277.5520092029913,2,0.5988690299129698
483,Female,34,6.0,6.0,19.0,295.8460779518058,2,0.3525407574038332
484,Female,63,7.0,9.0,,290.12027156388206,4,0.6421676561333585
485,Female,36,6.0,8.0,21.0,333.61964849404376,5,0.525948522212915
486,Other,53,,,19.0,392.16580230629796,2,0.5120306221234441
487,Male,29,4.0,9.0,19.0,373.11870757117146,3,0.8478029739485311
488,Male,24,4.0,8.0,13.0,183.38807424018387,2,0.526078667065745
489,Other,69,7.0,8.0,,284.57305143554805,3,0.22116360438433935
490,Female,58,,8.0,20.0,232.66282407407306,3,0.24645067111287303
491,Female,44,5.0,8.0,17.0,346.92144287900925,3,0.8849952333532962
492,Female,27,8.0,9.0,20.0,300.1991740812042,2,0.968480648010017
493,Male,28,4.0,14.0,18.0,330.30759357676806,2,0.750727469164566
494,Male,66,2.0,,22.0,280.2937764721104,5,0.4914946352800642
495,Female,34,3.0,11.0,20.0,248.031419703451,3,0.950880252635782
496,Male,40,,10.0,19.0,256.58596341000197,5,0.7302424691005887
497,Female,32,6.0,12.0,20.0,223.34936663711346,3,0.8754668393594702
498,Male,45,9.0,6.0,28.0,236.8182965249215,2,0.8126818432296075
499,Other,22,3.0,4.0,24.0,226.28534722457346,3,0.503311452618074
500,Other,52,5.0,11.0,21.0,248.21486610934443,1,0.5829617606806284
501,Female,44,3.0,11.0,19.0,245.38609179844084,3,0.34890572349447957
502,Female,62,2.0,12.0,19.0,319.704655251411,1,0.4336112803525873
503,Male,45,4.0,11.0,26.0,317.7430822327499,2,0.8225005290292173
504,Female,14,9.0,,22.0,319.6502103429093,4,0.9151827135064867
505,Female,45,,5.0,13.0,358.74976811257903,4,0.7795683386011294
506,Male,45,5.0,8.0,26.0,296.08310543119427,3,0.5721389573253106
507,Other,53,8.0,7.0,12.0,260.95927014585436,4,0.269207415151798
508,Female,25,,9.0,,410.5701787965101,3,0.24555835895875858
509,Other,42,5.0,8.0,23.0,345.2822951651898,3,0.4994604516902831
510,Female,45,3.0,12.0,26.0,307.6159896602279,1,0.5710573750141306
511,Female,25,9.0,12.0,,304.14372269961655,3,0.6872964977706375
512,Male,64,2.0,5.0,15.0,314.482676045015,2,0.20519161710959777
513,Other,38,8.0,10.0,23.0,289.8949359822891,1,0.991778312373045
514,Female,34,7.0,6.0,25.0,306.4112270751911,2,0.49115110672323437
515,Male,51,6.0,11.0,18.0,324.9689830307898,4,0.8784757310408973
516,Male,14,9.0,,,263.6731893017228,3,0.6279733645323236
517,Male,50,3.0,15.0,19.0,218.29420740814828,3,0.3043515636266772
518,Female,51,6.0,13.0,19.0,196.2178616055192,3,0.8380524420276176
519,Other,38,7.0,11.0,20.0,344.3949409466857,3,0.7678616599359009
520,Male,58,7.0,11.0,17.0,220.85379186412734,2,0.6219488679433824
521,Female,62,5.0,,24.0,323.26719969789383,3,0.611642473067024
522,Male,27,5.0,,21.0,242.2822052475933,3,0.26998368460074246
523,Other,46,1.0,13.0,19.0,243.08770269700352,1,0.7246791588590993
524,Female,54,7.0,11.0,,264.0900619747119,5,0.9289961246034399
525,Female,67,4.0,13.0,18.0,309.70660760028215,3,0.2745959353770867
526,Female,56,7.0,11.0,15.0,235.57041458112036,2,0.410809160519124
527,Male,61,5.0,6.0,18.0,269.1533764852941,4,0.921846378753679
528,Male,52,5.0,,21.0,298.71404639097216,3,0.42747512785583464
529,Male,23,3.0,12.0,18.0,239.48691045765307,4,0.723154937743941
530,Female,15,5.0,,22.0,371.4117107237346,2,0.6278545319545153
531,Female,18,5.0,15.0,14.0,213.8731128703099,4,0.6770620840030896
532,Other,21,4.0,8.0,25.0,289.0915408774585,4,0.5326311212618025
533,Other,18,3.0,9.0,12.0,363.62703162927505,3,0.4399931764429689
534,Female,21,3.0,16.0,,233.7766718054694,4,0.2388267605837352
535,Female,51,5.0,16.0,25.0,294.51870747561424,4,0.7954247514353314
536,Other,43,10.0,11.0,14.0,306.6429341333624,3,0.7968747697553815
537,Female,44,2.0,,20.0,259.66147739987406,3,0.7365805920629787
538,Male,53,5.0,11.0,14.0,296.1258612834057,3,0.7149070304956966
539,Female,62,3.0,8.0,20.0,328.0722230429976,3,0.394973705734021
540,Male,24,4.0,14.0,19.0,276.64296508410547,3,0.21787594701303298
541,Other,20,,14.0,29.0,338.2164807065193,3,0.8469723175083519
542,Female,20,3.0,10.0,30.0,319.6365470190995,4,0.5929108285566616
543,Male,62,4.0,12.0,23.0,270.85498994232836,4,0.4454705045620947
544,Female,40,4.0,,22.0,356.3727183561275,2,0.2815455254244561
545,Female,32,5.0,4.0,21.0,262.9531443158439,2,0.25017727272111073
546,Male,59,8.0,11.0,25.0,342.7946652702607,4,0.4790933774361419
547,Male,19,5.0,4.0,,263.8492150856966,3,0.8437896518135524
548,Female,23,6.0,10.0,19.0,284.1963320579132,3,0.9349789994670645
549,Female,32,3.0,12.0,17.0,291.8677855111428,3,0.9174010916904518
550,Female,28,4.0,8.0,20.0,316.92915454431807,3,0.9360006677997239
551,Female,16,5.0,11.0,24.0,179.3275914858262,5,0.9261802745034742
552,Female,18,6.0,,19.0,322.9007775744928,2,0.6217798012803166
553,Female,34,7.0,12.0,17.0,294.87603884287955,5,0.3755325108455231
554,Female,38,5.0,,15.0,314.2870080638296,3,0.8384372662694564
555,Female,15,2.0,11.0,28.0,325.1244161811051,2,0.3709703798820632
556,Male,53,6.0,7.0,25.0,319.6904418995632,3,0.4137658214052553
557,Male,54,4.0,10.0,23.0,199.63195738704738,4,0.3866034574580388
558,Male,26,2.0,10.0,22.0,246.94947006059888,1,0.6119859229566447
559,Female,23,4.0,21.0,22.0,316.64079671630316,2,0.4574620065352639
560,Female,30,,10.0,27.0,309.9848098312699,2,0.3233248397002732
561,Female,66,3.0,9.0,17.0,260.52231572418395,3,0.5625387295151059
562,Male,24,4.0,8.0,24.0,336.88196000299405,4,0.8991257910281336
563,Male,35,7.0,11.0,,287.178741543571,1,0.6564422839599777
564,Male,24,5.0,11.0,22.0,344.28631769409276,3,0.9026684847100697
565,Male,25,5.0,9.0,24.0,360.5010655722872,2,0.35669774806330995
566,Female,37,7.0,3.0,24.0,313.9151025781589,3,0.3335790989380432
567,Male,57,,4.0,15.0,327.77762409162784,4,0.6604617005587362
568,Male,63,7.0,13.0,18.0,269.57699592838696,1,0.5706631212370185
569,Other,31,6.0,12.0,16.0,344.61049364049927,3,0.7281381133175655
570,Male,67,6.0,14.0,33.0,310.90621848405016,4,0.8357014328214254
571,Female,58,9.0,8.0,24.0,285.26444805779096,4,0.8010458365217412
572,Female,48,2.0,9.0,14.0,239.0590833391172,3,0.9538089389268489
573,Male,57,3.0,9.0,17.0,275.727931544795,5,0.5186051273256093
574,Female,20,9.0,12.0,10.0,244.5262227580128,3,0.3651093937985446
575,Female,41,,14.0,,338.0744869469681,3,0.6407301119583086
576,Other,67,8.0,12.0,20.0,361.0214954794433,2,0.2885944961529485
577,Male,65,5.0,7.0,19.0,345.81345994649354,3,0.4310808986653052
578,Other,67,4.0,,27.0,424.30101231388363,1,0.3663104442105156
579,Female,44,9.0,10.0,26.0,276.97965392515135,4,0.5172509734376647
580,Male,63,,10.0,18.0,329.8286172441775,3,0.2889732600017723
581,Female,56,5.0,,22.0,240.93225177085773,4,0.2254733956384783
582,Other,30,10.0,7.0,25.0,290.137467982385,2,0.7254352037040255
583,Female,18,5.0,9.0,23.0,226.13253955725617,0,0.6881991826318439
584,Male,30,,10.0,13.0,328.4097158652395,2,0.766687148830929
585,Female,31,7.0,10.0,19.0,282.22541685428996,3,0.7283091522170753
586,Male,34,3.0,13.0,25.0,197.27089875690413,3,0.29143574491390684
587,Male,49,6.0,10.0,21.0,265.7490778532468,2,0.43286310510051706
588,Male,44,3.0,12.0,17.0,389.6557163803748,1,0.3036212879202819
589,Male,68,3.0,7.0,24.0,320.5214943625451,1,0.8743779216388505
590,Male,53,4.0,10.0,18.0,338.4546331477875,3,0.7975229242844186
591,Male,15,1.0,13.0,25.0,306.27726396498815,0,0.361221602334594
592,Female,40,2.0,6.0,14.0,290.9220539202384,4,0.47304739239191473
593,Male,22,,11.0,27.0,300.7789506904776,4,0.9732919938113713
594,Male,63,5.0,4.0,16.0,312.2716362111892,4,0.6753274863037212
595,Female,47,8.0,12.0,22.0,245.1673777199492,4,0.8409244778409259
596,Female,41,7.0,14.0,16.0,338.1531007869277,2,0.4116728278149833
597,Female,66,7.0,9.0,16.0,356.09137459937403,2,0.36804233614344417
598,Male,27,2.0,13.0,,290.17053015278344,2,0.8271335430772389
599,Male,45,6.0,12.0,23.0,273.84797851917074,3,0.7486979641851521
600,Male,19,,8.0,22.0,262.9045500177598,3,0.744782343369411
601,Male,24,6.0,13.0,21.0,387.96083017812145,2,0.6421076654633551
602,Male,61,,10.0,28.0,277.38645804032217,3,0.6508626742212391
603,Male,42,4.0,10.0,18.0,332.66571571072706,2,0.7885580042450031
604,Male,33,4.0,10.0,13.0,290.5213152258672,3,0.4160019848969563
605,Male,43,1.0,10.0,20.0,287.8184972141035,2,0.4822147726855646
606,Female,36,6.0,15.0,,261.76251498971385,3,0.897309416416044
607,Male,32,8.0,18.0,21.0,251.48502519529922,2,0.44709216080972625
608,Male,49,7.0,11.0,14.0,336.9960380123275,4,0.6370476571034392
609,Female,16,7.0,17.0,19.0,250.35387599849653,3,0.7621115712053472
610,Female,40,6.0,12.0,19.0,323.1259619796039,2,0.9999398614665413
611,Male,56,6.0,8.0,23.0,304.52919617407485,3,0.5482330651962656
612,Female,32,,10.0,17.0,337.63192672396184,2,0.5424743012999551
613,Female,36,3.0,8.0,,269.5023044704722,3,0.874070703546934
614,Male,62,6.0,11.0,21.0,354.00720832600473,3,0.8444024890078907
615,Female,61,3.0,10.0,,292.94047089548314,2,0.7848607053876389
616,Other,63,10.0,9.0,23.0,429.5847360654781,3,0.5705837099272231
617,Male,44,5.0,9.0,13.0,219.291183251758,3,0.45915129612857264
618,Male,53,6.0,10.0,16.0,421.4467369038452,4,0.6869843860678789
619,Female,48,6.0,10.0,,293.6817000971931,4,0.9009786345053128
620,Female,65,4.0,10.0,23.0,311.14010508594305,3,0.9070219665668693
621,Male,46,6.0,11.0,22.0,269.7855284195425,4,0.2867986760563508
622,Male,48,,9.0,17.0,221.5559353488306,2,0.5426802270505205
623,Male,14,3.0,11.0,19.0,273.5801613989812,2,0.5717775649589996
624,Female,27,2.0,6.0,15.0,281.7156507563772,4,0.9820922940190027
625,Female,46,3.0,8.0,9.0,309.14008563653704,2,0.7423984121940677
626,Male,48,2.0,14.0,14.0,356.0569172505176,3,0.5257971338096565
627,Female,18,8.0,,16.0,309.5365363303557,4,0.22084630878847442
628,Female,51,7.0,7.0,20.0,310.407088164132,4,0.6523081280793568
629,Male,54,4.0,13.0,20.0,319.2183858258403,3,0.2768607805106849
630,Male,63,3.0,9.0,13.0,212.25349034418758,2,0.8675599658782105
631,Female,63,3.0,12.0,,216.8737748931954,3,0.8020149284562896
632,Female,66,6.0,12.0,22.0,225.15055055678505,3,0.568407327926543
633,Female,24,5.0,5.0,10.0,281.33630710023226,2,0.5433686236333598
634,Female,15,1.0,9.0,13.0,206.414244013798,2,0.917871172455015
635,Male,57,8.0,4.0,17.0,265.51062276354475,3,0.4307666803345027
636,Male,30,9.0,16.0,21.0,231.5875377509492,2,0.39921596968541667
637,Female,52,4.0,,22.0,324.38577130993406,4,0.9513579462606097
638,Male,33,7.0,8.0,21.0,321.88278144541255,2,0.8473966694027861
639,Male,27,3.0,6.0,23.0,284.96779801320173,3,0.8565004744537557
640,Male,45,7.0,11.0,,205.00195409165286,2,0.35615505142074044
641,Male,47,5.0,,22.0,288.1428045281912,3,0.3146367931447476
642,Male,38,,16.0,15.0,316.43130576880515,4,0.22082363985370793
643,Male,20,8.0,15.0,26.0,340.53633336195077,3,0.38963320713494404
644,Male,48,2.0,12.0,20.0,387.67023136564853,3,0.8193523933714599
645,Male,60,4.0,6.0,,355.92490902108415,2,0.39203073501131985
646,Female,42,9.0,9.0,18.0,308.2388264533965,3,0.783282626875901
647,Female,35,,9.0,14.0,285.73793298463124,2,0.4015266122939372
648,Female,54,4.0,5.0,10.0,262.85329518543597,3,0.5162339983605373
649,Female,56,3.0,12.0,29.0,367.7830947944964,2,0.9865298319291267
650,Female,26,4.0,12.0,15.0,308.32952898495535,4,0.3958493850273085
651,Male,26,4.0,12.0,20.0,331.5272104341726,1,0.5010965018386142
652,Female,14,6.0,15.0,16.0,270.4890131035321,2,0.44086974437217097
653,Female,67,,9.0,22.0,237.9545467245096,2,0.28769998906400185
654,Female,49,3.0,8.0,17.0,279.9831140863636,4,0.59191531370466
655,Male,17,6.0,11.0,29.0,284.8535867097187,3,0.5029525306664018
656,Male,50,,8.0,24.0,309.5886216822069,4,0.7559096686458242
657,Male,57,7.0,8.0,28.0,263.12830555080126,3,0.854075637561237
658,Male,53,3.0,,13.0,301.24849316909825,4,0.6353997715965108
659,Female,66,4.0,10.0,24.0,358.8853177177509,3,0.2257571376698695
660,Female,59,6.0,11.0,15.0,216.35191952314324,3,0.6951378849877773
661,Male,26,8.0,3.0,21.0,194.15487040218258,3,0.24431258401675138
662,Other,68,,8.0,25.0,362.2956924309229,3,0.6930850588792199
663,Female,51,4.0,8.0,34.0,226.81867709838565,2,0.7480239594153508
664,Male,37,3.0,10.0,26.0,280.9964016553773,4,0.3582141020940148
665,Male,32,8.0,9.0,,330.42398406532436,2,0.855476918977417
666,Male,14,1.0,8.0,14.0,297.03869156646135,4,0.9288681052592389
667,Male,51,3.0,10.0,18.0,296.33560604982125,5,0.8504695712910557
668,Male,18,,4.0,14.0,303.61983239091495,4,0.44408735216966577
669,Male,29,5.0,,19.0,425.93570496472313,2,0.6693144099565076
670,Male,37,9.0,5.0,22.0,389.03124779586074,3,0.9318521193529823
671,Male,69,5.0,,19.0,265.3137345565808,2,0.45653178097827996
672,Female,40,4.0,13.0,26.0,352.5444120473435,3,0.85602225781234
673,Male,14,5.0,7.0,16.0,325.2753878795898,5,0.20758010500935722
674,Female,47,7.0,10.0,13.0,299.0242598624149,2,0.20291736222774104
675,Male,49,3.0,5.0,17.0,254.60655957612954,4,0.807769328271174
676,Other,17,6.0,10.0,19.0,322.56840157227333,2,0.809158065701697
677,Male,13,7.0,,11.0,284.69772674677915,4,0.831181750281835
678,Male,52,4.0,6.0,20.0,281.02199625354206,3,0.9440214703105299
679,Other,24,4.0,,17.0,261.6464324340564,2,0.2943250494562274
680,Female,68,4.0,8.0,27.0,349.9911760531213,1,0.3855879879869507
681,Female,48,,8.0,14.0,261.6130990685309,3,0.9229799362990461
682,Male,57,4.0,9.0,19.0,261.9177380532118,2,0.3417889582178828
683,Male,35,2.0,9.0,20.0,338.8968883790153,4,0.7457834140612671
684,Female,59,7.0,12.0,21.0,292.7834766098453,2,0.6243704000326523
685,Other,43,6.0,14.0,16.0,294.12907381070204,3,0.26655494148120584
686,Female,23,,9.0,26.0,351.64467420458357,4,0.4282109295532263
687,Female,22,5.0,16.0,16.0,365.68503058959675,4,0.6162977731527743
688,Male,15,4.0,7.0,21.0,193.6077139033239,4,0.8818800933470674
689,Female,66,5.0,13.0,15.0,293.56128726078776,3,0.766030791691739
690,Male,26,4.0,13.0,15.0,229.48677359130016,4,0.6975065291639464
691,Male,28,7.0,12.0,19.0,280.66033310713374,3,0.5968263119531318
692,Male,22,5.0,7.0,20.0,299.6631921942949,0,0.4389471870513075
693,Female,41,6.0,10.0,14.0,282.2572713462892,5,0.29539592905540896
694,Male,22,5.0,10.0,25.0,248.73622846651494,3,0.5272608276528765
695,Male,24,2.0,13.0,17.0,246.19966811426025,3,0.22281479512903407
696,Female,42,4.0,14.0,14.0,336.39706945161254,1,0.3688447114134805
697,Male,53,4.0,14.0,25.0,376.7404903051929,3,0.5459867006981278
698,Female,13,6.0,,30.0,196.976153553325,3,0.5348841485375321
699,Male,17,11.0,12.0,,283.6190666967242,3,0.23543634479759393
700,Female,32,6.0,14.0,15.0,336.59820686971585,4,0.671248122820233
701,Female,20,8.0,7.0,19.0,298.36981197995755,5,0.6397474046825891
702,Male,55,5.0,10.0,13.0,244.31566890472303,3,0.2624834432167303
703,Male,24,3.0,11.0,,276.1105297968211,5,0.9545304419683516
704,Male,13,5.0,7.0,17.0,315.1075118715929,3,0.2795062231606881
705,Male,69,,14.0,,284.64039453098223,4,0.8838673209898689
706,Other,66,8.0,7.0,26.0,297.601003304072,3,0.20024778553200476
707,Male,32,6.0,9.0,27.0,299.0419751209179,4,0.9058248760363066
708,Female,40,4.0,8.0,17.0,273.78591951708523,1,0.21577578576345005
709,Male,69,7.0,8.0,13.0,340.82845119855176,2,0.8062496255136928
710,Female,55,1.0,9.0,21.0,276.125420157945,4,0.48935264904020237
711,Female,49,7.0,8.0,15.0,249.7266003883879,3,0.7905734401090558
712,Female,59,3.0,12.0,30.0,411.4819716711599,3,0.5213961643399828
713,Female,49,9.0,10.0,17.0,296.11029552812914,4,0.2567263378654734
714,Male,24,4.0,8.0,12.0,169.99396499005084,3,0.8140053563162912
715,Male,49,2.0,8.0,24.0,362.7372418668827,4,0.257002148257092
716,Other,61,4.0,9.0,28.0,362.576443460695,1,0.9376963487689745
717,Female,61,6.0,10.0,26.0,322.85877655785157,2,0.24077922863332912
718,Other,68,2.0,10.0,18.0,331.58176049103344,3,0.5834602222172124
719,Male,56,1.0,5.0,25.0,407.98711563340686,3,0.7784275446806366
720,Female,68,7.0,,22.0,251.85991180157512,1,0.5145971718336302
721,Other,40,7.0,10.0,25.0,306.6620026987406,1,0.3737867796739478
722,Male,59,6.0,13.0,12.0,398.485133952556,1,0.8072727691168218
723,Male,27,8.0,14.0,21.0,409.0784540484104,4,0.8274357638309813
724,Female,18,7.0,7.0,21.0,281.69538435461317,4,0.9381559871634939
725,Female,56,5.0,8.0,17.0,400.5075425044567,3,0.5009320883448622
726,Female,32,6.0,8.0,18.0,340.13153506618085,3,0.6050013875978615
727,Male,62,,7.0,,374.76072489342846,5,0.49050275427685763
728,Female,26,,12.0,21.0,338.49104515788935,5,0.40566545748109456
729,Male,14,6.0,5.0,,315.27231219301865,2,0.800826369230087
730,Male,21,3.0,9.0,16.0,410.469356295146,2,0.4717214760135644
731,Male,49,3.0,12.0,18.0,273.56950178811286,3,0.5425195535938816
732,Female,32,1.0,8.0,19.0,395.1141570176986,2,0.5229389260992223
733,Female,38,5.0,11.0,13.0,403.03444668639594,3,0.7701289805173968
734,Female,41,3.0,7.0,,368.15241606383756,2,0.9342365008885438
735,Male,13,9.0,7.0,18.0,296.41355090944995,3,0.733404849045902
736,Female,67,8.0,14.0,,312.2217673989509,4,0.5772660768753861
737,Male,47,4.0,8.0,19.0,236.25971923635618,3,0.8233640917911067
738,Female,18,2.0,10.0,24.0,277.3710015028405,3,0.7127770592977101
739,Male,49,3.0,15.0,19.0,331.0355876552589,3,0.2484882856942508
740,Male,65,2.0,9.0,17.0,228.66438471166845,4,0.27653086913507335
741,Female,17,,14.0,,285.10443360009646,0,0.23033355525890667
742,Male,45,4.0,5.0,31.0,397.2414320784052,4,0.5654530609650559
743,Female,61,5.0,8.0,,292.28179636130585,4,0.860682747471172
744,Female,63,8.0,11.0,21.0,351.6814167743758,3,0.4504665354810817
745,Male,26,6.0,,,328.32512275276093,3,0.5073281464739854
746,Female,24,3.0,9.0,22.0,284.6155281746549,3,0.9275816866943125
747,Male,54,5.0,6.0,16.0,292.2475670574184,2,0.8695227562533239
748,Female,32,6.0,10.0,17.0,308.34326237208273,3,0.7320384899060481
749,Other,65,3.0,7.0,21.0,197.44887557369512,3,0.4134430256738011
750,Female,62,8.0,12.0,21.0,347.3487400437753,2,0.29363318615075484
751,Male,36,8.0,16.0,16.0,294.0809962472935,5,0.212847058144091
752,Other,55,5.0,10.0,25.0,349.0958581634446,3,0.2856085380835367
753,Female,46,4.0,,15.0,319.41003067759783,2,0.4340771548991542
754,Male,37,2.0,,26.0,291.8720191262465,5,0.6414320508635966
755,Male,62,6.0,10.0,,309.87743140250745,3,0.25120006620190954
756,Female,41,5.0,12.0,24.0,310.04554686642075,1,0.3089822226547592
757,Female,69,6.0,7.0,25.0,373.8095049864902,3,0.34486456184635284
758,Female,51,7.0,12.0,17.0,303.13272463893287,3,0.7055856743866451
759,Female,43,3.0,9.0,15.0,314.4082753821043,1,0.6926318391840995
760,Female,68,9.0,12.0,23.0,236.90551086366128,4,0.6406125810977223
761,Male,59,2.0,10.0,12.0,297.64782758507596,5,0.40040113975675173
762,Male,55,0.0,,24.0,372.71550508982455,2,0.4968957529749856
763,Male,62,,16.0,24.0,321.4410503006074,2,0.27735177307019443
764,Female,35,4.0,14.0,19.0,245.94939651187198,3,0.3811684830064439
765,Male,56,6.0,9.0,28.0,251.30858320458975,3,0.9181641811780643
766,Female,50,,13.0,19.0,262.92522862946663,2,0.9837533971486627
767,Female,32,5.0,,17.0,349.98155217967417,2,0.7181276685122358
768,Female,35,2.0,8.0,,343.82702561461514,4,0.9334586336187363
769,Male,57,5.0,10.0,18.0,127.28725735795007,5,0.71419352032114
770,Female,64,4.0,5.0,,295.93071528579395,3,0.22655718888437593
771,Male,28,3.0,17.0,25.0,307.3819050193458,2,0.9974100679891273
772,Female,62,5.0,11.0,31.0,251.89282355703426,2,0.27916184134922795
773,Male,54,3.0,,15.0,280.4762501528055,1,0.7461134411560486
774,Male,67,3.0,10.0,22.0,366.54992745648485,2,0.40226896245983207
775,Female,20,4.0,11.0,16.0,320.44216059072517,3,0.5135848903255682
776,Male,62,8.0,10.0,20.0,275.0208679844081,3,0.7167473478407507
777,Male,33,5.0,8.0,22.0,290.63458191959796,2,0.5491898794461656
778,Female,13,,15.0,17.0,288.6063435502218,2,0.40043684714490263
779,Female,67,4.0,13.0,12.0,314.09775990927494,3,0.4675569495026598
780,Female,20,4.0,5.0,15.0,228.51346718819963,4,0.4732384935385411
781,Female,41,4.0,3.0,22.0,266.51223501050265,1,0.967459123606571
782,Female,44,7.0,8.0,16.0,351.7698224902372,3,0.8388904127387609
783,Male,50,8.0,12.0,21.0,296.3716756520405,3,0.56683901718352
784,Male,17,7.0,7.0,24.0,257.50458736199374,3,0.35985673627309134
785,Male,59,3.0,10.0,18.0,259.56699791711435,3,0.8488128882101249
786,Other,34,6.0,13.0,26.0,336.04218010653426,4,0.32574597728669885
787,Female,59,6.0,9.0,22.0,274.1097367334942,2,0.36836977371360274
788,Male,46,4.0,13.0,21.0,325.54516895432914,4,0.4928107134721209
789,Female,13,6.0,6.0,13.0,268.65828395542616,4,0.9042785566815921
790,Other,67,9.0,9.0,26.0,243.50175536666728,3,0.30542933490728824
791,Male,67,,9.0,19.0,312.22239792487267,2,0.2977873542836209
792,Female,38,4.0,,23.0,295.1309497043266,1,0.5951799906442128
793,Female,55,6.0,,21.0,334.25621692076527,2,0.4211284328749398
794,Female,22,7.0,13.0,19.0,344.20621605157,1,0.6549823533185279
795,Male,42,4.0,10.0,21.0,282.1016555623301,4,0.5613093477465788
796,Female,62,3.0,12.0,19.0,317.4466913675557,5,0.5479672850809735
797,Other,30,4.0,16.0,15.0,280.55951072703135,3,0.28957837638959466
798,Female,29,5.0,7.0,22.0,331.6823482035694,4,0.31283975219987215
799,Female,38,3.0,4.0,,311.67077305536543,2,0.8568628619574801
800,Other,20,5.0,12.0,24.0,268.8081741318613,3,0.9087061900573956
801,Female,59,3.0,8.0,21.0,264.6211054490743,1,0.38774682630820023
802,Male,52,5.0,14.0,,313.4333962551918,4,0.2907684012198153
803,Female,61,5.0,9.0,19.0,358.1095526326291,3,0.2427333375476085
804,Female,24,5.0,12.0,22.0,345.0648105603013,3,0.6866380909935175
805,Male,39,,12.0,,252.84952980100473,4,0.7722825700001645
806,Female,20,6.0,10.0,,258.1078351988722,3,0.4982479913625644
807,Other,37,6.0,6.0,,265.4761144216789,3,0.7437406939925117
808,Other,58,5.0,10.0,20.0,270.17185352076734,3,0.7703670524476209
809,Female,16,7.0,7.0,12.0,209.16699482404476,3,0.9482738251175242
810,Male,45,3.0,6.0,17.0,339.502160206486,5,0.2518989102680858
811,Other,13,5.0,,36.0,277.20586323139906,3,0.35383337858486386
812,Female,31,7.0,7.0,16.0,323.10371279487583,4,0.2548207900775905
813,Male,43,2.0,13.0,27.0,284.2120995891453,5,0.8943951466688884
814,Other,28,8.0,7.0,28.0,298.8517049842775,4,0.834069728026855
815,Female,26,4.0,12.0,14.0,265.74070607947465,4,0.6597136564974713
816,Female,65,2.0,,13.0,298.587112335088,3,0.26693072804094653
817,Female,60,5.0,13.0,20.0,256.4377094092745,4,0.4186498869229757
818,Male,17,5.0,12.0,21.0,298.9580223614381,3,0.43817587844681355
819,Male,53,4.0,6.0,21.0,372.8611537532978,2,0.6485945568123337
820,Male,38,6.0,4.0,19.0,326.0302359080502,3,0.40643511522937237
821,Female,40,8.0,8.0,13.0,314.5525950513182,2,0.2583678911303639
822,Male,14,4.0,13.0,18.0,234.01295909830029,3,0.7846098414826395
823,Male,62,3.0,9.0,18.0,328.3628201029,3,0.4392641693243291
824,Male,18,6.0,8.0,23.0,333.2226692179877,2,0.5618993416186405
825,Female,21,4.0,,18.0,313.4132854766101,3,0.3021333079858443
826,Other,45,2.0,14.0,21.0,310.71412458690656,2,0.8420386427156636
827,Male,53,,10.0,18.0,292.99094031945714,3,0.6524255015392462
828,Male,37,1.0,12.0,19.0,332.4701257911231,3,0.9212685009678903
829,Female,60,9.0,7.0,17.0,369.85052774932615,2,0.5963772504522666
830,Female,25,5.0,13.0,20.0,316.5264086452708,4,0.9531405374543038
831,Male,21,3.0,6.0,26.0,251.41414103615364,3,0.9134945635050609
832,Female,65,,9.0,21.0,255.23914279237223,4,0.6611678851673872
833,Male,25,,10.0,21.0,336.3119936635482,3,0.9471147505198907
834,Male,43,4.0,14.0,17.0,251.82042974896396,4,0.4584709978356418
835,Female,53,6.0,7.0,,310.0527493655285,3,0.4925137301633691
836,Male,23,4.0,10.0,23.0,282.7228629291255,2,0.23638236104482957
837,Other,16,2.0,8.0,,246.3882023322347,2,0.6713607254110825
838,Male,46,6.0,12.0,17.0,341.6134794287104,3,0.7775391759431467
839,Female,50,3.0,10.0,16.0,335.3385193530948,1,0.8188153521936825
840,Female,58,6.0,12.0,15.0,232.21753483659907,3,0.31985302883688266
841,Male,16,2.0,7.0,33.0,324.0721731155914,3,0.5553272578500003
842,Female,50,8.0,6.0,,316.7629997474686,2,0.3414905696751325
843,Male,31,3.0,12.0,21.0,341.8728601179256,2,0.7297018790833991
844,Other,18,6.0,11.0,24.0,308.3390969327821,2,0.3263570979374145
845,Male,46,4.0,11.0,14.0,371.34180708778257,4,0.9233309471648601
846,Male,30,5.0,12.0,15.0,293.6669559234613,3,0.3845077165291307
847,Male,25,6.0,8.0,31.0,286.39528012579166,2,0.4331218130305959
848,Other,53,1.0,16.0,13.0,251.26045612010796,3,0.8807250577207999
849,Female,35,5.0,5.0,20.0,253.30290462909957,2,0.566774088116579
850,Female,31,7.0,13.0,15.0,248.77575004922807,3,0.21919675664005844
851,Male,57,6.0,8.0,18.0,310.91998227053864,2,0.5956690009621166
852,Female,23,6.0,7.0,22.0,286.54503406617664,4,0.26763466830409843
853,Male,13,7.0,8.0,25.0,316.53466133284275,3,0.9882757749498485
854,Female,36,4.0,9.0,,239.5375622769198,4,0.670489256364482
855,Male,66,3.0,10.0,15.0,257.2153899913136,2,0.4052260940887828
856,Male,19,,,25.0,256.3728311612245,2,0.6509741436380942
857,Male,37,4.0,,18.0,408.46353675628416,5,0.2614936827054039
858,Female,33,5.0,,16.0,291.71593355443156,3,0.8399130434150537
859,Female,27,5.0,13.0,24.0,296.68168391144735,3,0.9402624430913311
860,Male,13,3.0,7.0,19.0,296.12734963668635,4,0.8995555105649278
861,Female,24,9.0,,18.0,377.6414660099421,3,0.47340608183885025
862,Female,19,8.0,8.0,15.0,219.33302991252683,4,0.4606144957146948
863,Female,27,6.0,11.0,18.0,297.00502378428683,3,0.22807008897304
864,Male,33,3.0,7.0,25.0,218.86429748270774,3,0.7211202869607334
865,Male,31,5.0,12.0,19.0,181.0092858784819,2,0.6279238273518359
866,Female,41,5.0,10.0,17.0,263.2880026154179,2,0.5674770970618731
867,Male,37,5.0,13.0,23.0,320.60819232517514,3,0.9261047626677656
868,Male,45,3.0,12.0,23.0,260.11096369629047,5,0.33430312086627706
869,Female,61,7.0,10.0,,319.78825757625617,1,0.2077330133521459
870,Other,44,3.0,8.0,21.0,305.3238152252414,2,0.25865316169661234
871,Male,61,0.0,7.0,20.0,293.0467200765396,5,0.37869715026189515
872,Male,47,6.0,13.0,,363.24817798858294,2,0.22662843941076558
873,Female,56,6.0,,17.0,270.1981725076234,4,0.6022749685145083
874,Male,50,4.0,12.0,29.0,319.03277106801386,3,0.45127236418686245
875,Male,38,5.0,15.0,18.0,209.84566191274388,3,0.34438640645450613
876,Male,23,9.0,7.0,15.0,304.93897187755294,3,0.8000672599589298
877,Female,47,5.0,12.0,16.0,287.13919815776524,2,0.36356106098602403
878,Female,20,4.0,9.0,,240.88767990058,3,0.7500840807950346
879,Male,58,,9.0,12.0,319.9249389364203,5,0.47941192467811117
880,Male,26,6.0,,26.0,263.0524488049063,1,0.6094622085300436
881,Male,22,2.0,20.0,34.0,386.6092288588783,1,0.9470936318810559
882,Female,14,,10.0,13.0,178.30917473275366,2,0.22988130785265026
883,Male,58,6.0,,21.0,312.4129270880842,3,0.6002116059819695
884,Male,21,6.0,13.0,19.0,302.1348637229222,4,0.8835383682620945
885,Female,15,5.0,,19.0,285.95681222125177,2,0.6703793986962788
886,Male,33,3.0,10.0,25.0,273.5382149738494,5,0.4214964135721253
887,Female,38,4.0,,21.0,303.4314099966378,5,0.5181449081160274
888,Male,20,4.0,5.0,21.0,353.1095653813596,3,0.7442125029828597
889,Male,60,5.0,9.0,30.0,216.39072454619338,4,0.9126495154510426
890,Male,14,4.0,10.0,18.0,259.7006551594908,5,0.2328530989972893
891,Female,18,4.0,,16.0,247.484143283893,3,0.25723105751230113
892,Female,40,5.0,16.0,21.0,245.13538651386534,4,0.4600412188876701
893,Female,65,5.0,13.0,16.0,317.1374502717713,4,0.38622374754998323
894,Male,41,5.0,8.0,17.0,329.46686423669246,5,0.41194470897792484
895,Female,38,7.0,5.0,24.0,353.2551434366019,4,0.37701599890070475
896,Male,37,3.0,12.0,25.0,330.2548916314792,2,0.3566600390841262
897,Male,24,2.0,2.0,14.0,334.3070962120883,2,0.30449917349543343
898,Female,17,4.0,9.0,20.0,229.40958896293387,3,0.9471633054361905
899,Male,46,4.0,10.0,17.0,374.17816208129796,3,0.31535157112492246
900,Male,60,6.0,9.0,24.0,289.5121234622745,5,0.36352301981242896
901,Male,49,,15.0,16.0,351.6498039548195,5,0.3970125791846286
902,Male,27,5.0,,14.0,231.19164917910328,4,0.9464118985043364
903,Male,56,5.0,16.0,,287.92900822408876,3,0.8045713068808678
904,Female,48,5.0,7.0,22.0,347.15079542838686,2,0.8317595442524117
905,Male,27,5.0,9.0,18.0,301.3962221339738,3,0.28380660763079846
906,Female,55,3.0,14.0,18.0,262.30150573547957,3,0.8690479000125373
907,Female,60,10.0,11.0,18.0,365.4906667596062,4,0.5265544654539345
908,Male,35,5.0,,13.0,241.42928039530057,2,0.410258420969911
909,Male,18,4.0,5.0,25.0,298.9786628876494,3,0.6606000668162484
910,Male,58,4.0,5.0,16.0,332.00853554413226,2,0.8577463246533872
911,Female,62,7.0,3.0,11.0,404.78451649801826,3,0.8229217208599275
912,Male,56,3.0,12.0,16.0,277.0822203627147,2,0.9119979860649057
913,Female,55,6.0,,14.0,286.1774373170082,2,0.9425057488123552
914,Male,57,2.0,8.0,20.0,277.76544333247625,1,0.39049765714219964
915,Female,33,4.0,9.0,22.0,311.92350794572735,3,0.5390863153354173
916,Male,35,4.0,12.0,31.0,329.3964133998932,3,0.21170283136405602
917,Male,55,,7.0,26.0,354.66566893341593,4,0.9034573274120481
918,Other,67,8.0,8.0,20.0,337.8023887990405,1,0.32365772117981406
919,Female,28,5.0,,19.0,275.1312925174856,3,0.8891798498741554
920,Male,59,8.0,11.0,21.0,340.6685511314712,4,0.4635098575892771
921,Female,65,5.0,,25.0,304.5772822022364,3,0.4945068719849106
922,Female,27,,11.0,19.0,337.26261144091023,4,0.23130580358708752
923,Female,37,8.0,6.0,21.0,340.118371644794,3,0.4615030318122557
924,Female,48,3.0,4.0,15.0,381.50628730049135,3,0.9106909462410113
925,Male,23,4.0,7.0,22.0,282.2704683748509,3,0.2204379208972833
926,Male,63,6.0,11.0,17.0,272.7223698631557,5,0.5250619784373802
927,Male,27,4.0,11.0,21.0,322.358170654286,1,0.22511970385019292
928,Female,16,4.0,10.0,23.0,359.12584588351564,2,0.496738740087252
929,Female,33,6.0,8.0,13.0,302.9031915012218,2,0.3381125126242329
930,Male,25,2.0,13.0,19.0,362.385614592991,3,0.40177471461469766
931,Male,34,4.0,8.0,16.0,334.50291699043333,2,0.9020786985291351
932,Female,31,2.0,13.0,13.0,289.93922610539545,3,0.5488393764975128
933,Other,46,8.0,17.0,22.0,328.1667751529453,4,0.4190383931215298
934,Female,26,,7.0,26.0,278.2586604366132,4,0.6714707023604383
935,Male,16,2.0,8.0,14.0,311.93000366330506,3,0.31368556786606594
936,Male,60,5.0,11.0,,246.34204275843823,4,0.40751328593668473
937,Male,65,6.0,14.0,20.0,296.5921684782781,0,0.6369983740823109
938,Other,64,7.0,11.0,21.0,349.98445769726777,5,0.3900184334784551
939,Male,58,7.0,8.0,16.0,338.3573450717871,3,0.7433021899206986
940,Female,39,7.0,7.0,27.0,331.04208740166695,3,0.5931930418076181
941,Male,41,6.0,7.0,,314.37398375074105,4,0.8175912562037528
942,Female,59,5.0,12.0,11.0,307.99230248563975,3,0.9585956285779749
943,Female,40,5.0,8.0,25.0,236.64714489674665,4,0.29264391147792623
944,Female,47,8.0,6.0,14.0,289.69573134806984,2,0.4677320079876359
945,Male,20,7.0,10.0,,309.1307891832698,4,0.4556392503027253
946,Male,28,,11.0,20.0,243.7798252129864,3,0.32094633546980345
947,Male,54,5.0,10.0,27.0,212.41220416050584,2,0.8482425098667767
948,Other,48,8.0,,25.0,356.44163734717233,2,0.807902963231032
949,Female,42,,10.0,17.0,302.54192633049195,2,0.5875403766675192
950,Female,30,2.0,13.0,22.0,310.49896403788915,3,0.6302166222356878
951,Female,14,3.0,,19.0,327.78134113974363,3,0.24763531040199702
952,Female,61,7.0,,19.0,250.89165247575346,3,0.6444058818616365
953,Male,25,3.0,11.0,21.0,279.8252102968686,2,0.8330732192157091
954,Other,16,8.0,13.0,20.0,375.2033802260099,2,0.6590620588670857
955,Male,38,1.0,13.0,18.0,275.56723016941334,4,0.41224509609633514
956,Male,37,5.0,8.0,19.0,286.70723522765707,3,0.7340386178674698
957,Female,42,3.0,9.0,26.0,266.52559174989096,2,0.48919074397219814
958,Male,23,5.0,10.0,17.0,262.957288675967,3,0.6358986274285883
959,Male,19,5.0,,22.0,355.27406761710574,4,0.5900522906231398
960,Female,43,2.0,11.0,14.0,176.1659221984989,3,0.5049400007721441
961,Male,56,7.0,9.0,22.0,277.1493090073901,3,0.7751023843153082
962,Female,22,2.0,7.0,16.0,311.27050713149964,0,0.9071008895887054
963,Male,51,4.0,,16.0,384.83955493701444,3,0.20417001478153995
964,Male,25,5.0,9.0,27.0,243.2387322055779,4,0.9468932153842939
965,Male,43,4.0,12.0,23.0,234.71643264818792,4,0.6092121088665801
966,Male,19,4.0,8.0,20.0,256.99498393359676,5,0.7605855042906122
967,Female,68,5.0,7.0,16.0,335.0852698394776,3,0.8844996529407017
968,Male,61,4.0,10.0,25.0,306.2642731639345,3,0.573682953851416
969,Female,54,4.0,6.0,23.0,227.86821644934096,4,0.8679792586919122
970,Female,54,5.0,10.0,22.0,304.97787987999834,2,0.3420958555641618
971,Female,68,7.0,6.0,19.0,377.57188829446443,2,0.32733402758385155
972,Other,48,6.0,11.0,16.0,313.2240200536568,4,0.7259770950849229
973,Female,32,6.0,13.0,28.0,308.22789453143236,3,0.8961144044413898
974,Male,16,8.0,12.0,15.0,311.2371059791087,0,0.9139409420288316
975,Male,66,5.0,13.0,,320.7251360281433,3,0.7149923667017972
976,Male,19,2.0,,16.0,236.6449219299081,2,0.620391384167454
977,Female,66,,7.0,24.0,288.40379989431887,3,0.46511447015721297
978,Male,13,6.0,10.0,21.0,291.01219334617963,2,0.9840003324794651
979,Female,56,3.0,11.0,22.0,275.826549001125,2,0.4557565493330004
980,Female,68,3.0,10.0,,334.3060804386935,3,0.7953488857852746
981,Male,57,5.0,9.0,24.0,268.3003268371743,2,0.6255854399240006
982,Female,54,,10.0,13.0,282.0015789287938,1,0.6868098740202774
983,Male,59,6.0,9.0,13.0,236.99136596729036,3,0.514784440470901
984,Male,25,2.0,,10.0,318.91552798204293,4,0.9718585003777982
985,Female,67,6.0,9.0,24.0,347.095148088051,3,0.6573458608794169
986,Female,34,4.0,14.0,16.0,281.9489741198857,2,0.950230104367032
987,Female,66,3.0,11.0,23.0,340.36952053269516,3,0.20607313293913132
988,Male,33,4.0,9.0,16.0,292.6521612281402,4,0.6581364665528968
989,Male,34,2.0,6.0,28.0,173.6275314971163,5,0.7737495117802171
990,Female,40,6.0,8.0,15.0,297.4242332647763,2,0.7960641369297745
991,Female,21,8.0,10.0,19.0,291.22143954079786,4,0.9239815054253451
992,Female,38,5.0,6.0,23.0,305.14977998808405,3,0.20352128720302903
993,Male,21,,7.0,,312.6592717570296,2,0.20026412740758115
994,Female,27,5.0,9.0,14.0,265.80392373252624,3,0.5778107686361722
995,Male,22,5.0,12.0,17.0,373.56574888799724,4,0.22343496400429652
996,Male,36,6.0,10.0,23.0,296.69192230972084,4,0.9796260429298997
997,Other,69,,9.0,26.0,290.01681629067923,4,0.3776521396331136
998,Male,54,4.0,10.0,24.0,337.2264804150701,4,0.5781317834918758
999,Other,20,5.0,,18.0,300.9269972644517,3,0.2489101040097789
1000,Male,36,,,15.0,428.29208296221987,3,0.6176387329370068
